_id,video_id,title,duration
674bfa7079298b8f94e520ef,g-DocUjXwWw,,0:37
674bfa7179298b8f94e520f0,XnQN5-07pi4,Varadu vantha nayagan  road,0:27
674bfa7279298b8f94e520f1,UjhViRQZSb0,,0:15
674bfa7379298b8f94e520f2,EJGqNlSOTEg,,0:13
674bfa7479298b8f94e520f3,rpjEI0TqLG0,Cute   funny elephant,0:17
674bfa7679298b8f94e520f4,7JzKXDZuHm8,"SaiSriShorts And Vlogs is live ,pls like",81:56
674bfa7979298b8f94e520f5,k0sqtNM1hiA,SaiSriShorts And Vlogs is live,95:06
674bfa7b79298b8f94e520f6,43JAuYBwh7I,maane marakathame  arali,0:24
674bfa7c79298b8f94e520f7,C4Lr7XHXS80,,0:15
674bfa7d79298b8f94e520f8,1EGeHe9ZWkQ,manikuile isaikuthadi,0:27
674bfa7e79298b8f94e520f9,WtL0I6N6Hgc,Swamy Saranam,0:22
674bfa8179298b8f94e520fa,F72aRAQtZbM,Cute puppies          green screen@dorastime2077,0:21
674bfa8379298b8f94e520fb,a-U-SCybsis,muthu comedy,0:20
674bfa8579298b8f94e520fc,G8vK4UJzz3g,talk less work more,0:12
674bfa8779298b8f94e520fd,_i5E7HgCXyk,buffing  cleaning,0:16
674bfa8879298b8f94e520fe,HrlzXUCSmtk,piece chizzer cutting,0:12
674bfa8a79298b8f94e520ff,X5SNTiX5Mfw,,0:25
674bfa8c79298b8f94e52100,FqU7aa6EK3c,murungakeerai kadaisal,1:00
674bfa8f79298b8f94e52101,HbXs3IJgZIA,,0:12
674bfa9279298b8f94e52102,eiOvZ9gzWnQ,"Silent live friends , pls  like",85:14
674bfa9479298b8f94e52103,oiH-B_5vojU,Ithu oru poomalai pozhuthu  kuruvi,0:20
674bfa9679298b8f94e52104,Yif3TL9hio8,favorite food    interview,0:19
674bfa9879298b8f94e52105,DXpdtQ9AEtg,"Chapathi,rajma   beans gravy",0:14
674bfa9979298b8f94e52106,6s8q_Cyd_MY,self confidence,0:17
674bfa9a79298b8f94e52107,Aew1z9CeFRk,,0:35
674bfa9c79298b8f94e52108,5705MIDj2tY,driver,0:20
674bfa9f79298b8f94e52109,c3wbDOVBZx8,karupa,0:15
674bfaa179298b8f94e5210a,jFnxrv6X6oo,rubber piece buffing,0:11
674bfaa279298b8f94e5210b,24ax-LT6MKA,,0:11
674bfaa379298b8f94e5210c,LlQzdOnWfi4,Truelines,0:15
674bfaa479298b8f94e5210d,tbu-okzLCrU,fitness cycle,0:13
674bfaa679298b8f94e5210e,PHaoK4AzIek,,0:19
674bfaa779298b8f94e5210f,oSb7MdI2tEY,Piece hand cleaning,0:16
674bfaa879298b8f94e52110,TDyuhD7poJg,,0:12
674bfaaa79298b8f94e52111,08qinj4Nf7Y,Silent live friends   pls like,121:24
674bfaab79298b8f94e52112,6KH45xsuqfU,,68:06
674bfaac79298b8f94e52113,TMA9J5I_szQ,Annachi 1kg paruppu kudunga,0:27
674bfaae79298b8f94e52114,LHZBK4S5gPw,health,0:12
674bfab079298b8f94e52115,gJWJo2IgLLw,,0:13
674bfab379298b8f94e52116,B45EyXYyMW4,",",0:13
674bfab579298b8f94e52117,Iu_2MIDnk2Q,,0:24
674bfab779298b8f94e52118,rmrWnvcBCLA,life,0:15
674bfaba79298b8f94e52119,YxBxkrMb-bY,road,0:17
674bfabd79298b8f94e5211a,GuibyrVDkvA,,0:19
674bfabf79298b8f94e5211b,dQQYwFSLmrY,Malai,0:56
674bfac179298b8f94e5211c,YzH7-heURM8,enna oru performance,0:10
674bfac479298b8f94e5211d,bUjWDkWKJzM,all in all  to owner  grinding    cleaning,0:18
674bfac679298b8f94e5211e,-ee96M0nqJ0,,0:58
674bfac879298b8f94e5211f,qiHVsfIIuvo,Good night friends,2:04
674bfaca79298b8f94e52120,qmn5KV4TGQI,Silent live friends   pls like,112:53
674bfacc79298b8f94e52121,4ohZoB2ZYnI,husbandwifealaparaigal,0:15
674bfacf79298b8f94e52122,8W-M324B5TE,,0:54
674bfad279298b8f94e52123,tpz9CnN3HXU,Rubber piece packing,0:14
674bfad479298b8f94e52124,WL6nhzLAiHI,lunch menu,0:16
674bfad679298b8f94e52125,Q4B1s4E7080,,0:29
674bfad979298b8f94e52126,XrwyXH-v-pE,,0:59
674bfada79298b8f94e52127,Ax-S-6yhMIg,,0:19
674bfadc79298b8f94e52128,OjyaxvAoPjc,salute sir,0:16
674bfadd79298b8f94e52129,rwd-1mcJsKk,All time favorite,0:13
674bfade79298b8f94e5212a,QSzi-n5YDIQ,,0:21
674bfae079298b8f94e5212b,1lzesoShhok,materials sale    wear,0:19
674bfae379298b8f94e5212c,sDRuk5N-3PM,love,0:41
674bfae579298b8f94e5212d,MmRu5FbDfTU,,0:23
674bfae779298b8f94e5212e,i6ATvA6hK-M,the real story,0:18
674bfae979298b8f94e5212f,abMGwagBEMw,Good morning friends,90:03
674bfaed79298b8f94e52130,BeaWmv5q9wk,goodsu vandiyle,0:35
674bfaf079298b8f94e52131,NBgh3eTlZzk,,0:16
674bfaf379298b8f94e52132,trBWAruhjjo,train journey,0:20
674bfaf679298b8f94e52133,rv2nKjKu4Ys,Silent live friends,61:06
674bfaf779298b8f94e52134,oGXkgHmIyTo,SaiSriShorts And Vlogs is live,32:14
674bfaf979298b8f94e52135,I4kGyPdcEXY,Silent live friends,90:02
674bfafb79298b8f94e52136,01YbEEPWi8M,,0:18
674bfafd79298b8f94e52137,c6i-GmPA2gs,kids dosai,0:21
674bfaff79298b8f94e52138,DW2QyK9D4zA,yazhai,0:32
674bfb0279298b8f94e52139,R4GqDpCrRoY,,0:27
674bfb0379298b8f94e5213a,VGx19suHCwU,,0:10
674bfb0479298b8f94e5213b,ojvzN-X0gms,,0:15
674bfb0779298b8f94e5213c,_WkEkEw3qjU,,0:11
674bfb0879298b8f94e5213d,ariaS8yMX5k,Vanakkam Nanba,0:29
674bfb0b79298b8f94e5213e,M40uDFpI4XY,,0:16
674bfb0d79298b8f94e5213f,MlciKQnQh_g,Varapalayam reserve forest,0:22
674bfb1079298b8f94e52140,oxsNym4tZFk,naan aga naan illai thaye,0:36
674bfb1379298b8f94e52141,MaGk6ZI8Cj8,breakfast  items,0:14
674bfb1579298b8f94e52142,4mHj-zwXI_0,Singa penne,0:31
674bfb1779298b8f94e52143,d9q8G60k2LI,SaiSriShorts And Vlogs is live,18:45
674bfb1979298b8f94e52144,i-Xq9SVJGts,homemade pizza,0:32
674bfb1a79298b8f94e52145,q_NIalv_ArA,,0:18
674bfb1b79298b8f94e52146,ndzk17KdOhs,,33:15
674bfb1e79298b8f94e52147,79KE7ALzgog,"Good night friends , pls like",39:03
674bfb2179298b8f94e52148,Kmk-aXCXxIE,Mushroom  biriyani sapidalam vanga friends,75:39
674bfb2479298b8f94e52149,5CAJKf0kz8M,Poomalai oru pavaiyanathu,0:27
674bfb2679298b8f94e5214a,ldiMT89o4ko,Highlight 10:58  15:57 from Mushroom  biriyani sapidalam vanga friends,5:00
674bfb2979298b8f94e5214b,70vKmo4H0q0,,0:12
674bfb2a79298b8f94e5214c,maZvZFtTjBo,Peacock,0:38
674bfb2d79298b8f94e5214d,yEaYg69qxcQ,nee potu vecha,0:13
674bfb2e79298b8f94e5214e,yB2qzN-3ge8,Advance happy Diwali to all friends,41:03
674bfb2f79298b8f94e5214f,jsfyWn4VRWg,Advance happy Diwali friends,11:35
674bfb3279298b8f94e52150,CpEq2SygrCs,Good morning friends,78:16
674bfb3479298b8f94e52151,EhUG0ti29jw,"Good morning friends, silent live",30:01
674bfb3679298b8f94e52152,_SaM4CFoYuU,,0:38
674bfb3979298b8f94e52153,jXL79MyjuSs,masala roast sapidalam vanga,0:49
674bfb3c79298b8f94e52154,cFj18KZ3hWA,",",0:11
674bfb3f79298b8f94e52155,F2-Ua8E1oPo,pollachi road,0:31
674bfb4179298b8f94e52156,igTbACiueNQ,benefits of kothavarangai  beans    poriyal  tips,0:19
674bfb4579298b8f94e52157,mR2jivnUHBg,hai nanba,0:12
674bfb4779298b8f94e52158,IP-KnpQeyzw,cleaning,0:14
674bfb4979298b8f94e52159,9gF3OSsZeAI,trending comedy,0:15
674bfb4b79298b8f94e5215a,9WEfcG2i7v0,Good night friends,73:37
674bfb4f79298b8f94e5215b,9ShGty02yOc,Good evening friends,32:42
674bfb5279298b8f94e5215c,Tww8udy7tKU,natural mehandi  leaves,0:26
674bfb5479298b8f94e5215d,ml9rx4U14rQ,,0:16
674bfb5679298b8f94e5215e,P13KYPOtOjw,Good morning friends  happy Sunday,120:39
674bfb5779298b8f94e5215f,IdwUwGUb5lc,,62:24
674bfb5879298b8f94e52160,5qWkKufgN64,malayil yaro,0:47
674bfb5c79298b8f94e52161,nn-MqLFyszA,tree,0:28
674bfb5e79298b8f94e52162,7Jb1N0_AJu0,,86:49
674bfb5f79298b8f94e52163,af-Us-7vDJQ,parrot banana eating,0:09
674bfb6179298b8f94e52164,540wfhaZBFE,,0:33
674bfb6279298b8f94e52165,fXAvT9-jUAY,"Silent live, pls like friends ,konjam health problem so...next live pesalam nanba",99:53
674bfb6479298b8f94e52166,9yB3cKR6NE0,kanikoru nilava,0:22
674bfb6779298b8f94e52167,vLqAohHcUZQ,cleaning,0:12
674bfb6979298b8f94e52168,UBi5S2fSNw0,",",54:40
674bfb6b79298b8f94e52169,3j1g8EXb-a8,Silent live friends pls like,67:03
674bfb6c79298b8f94e5216a,I6vTDZCe28o,motivational,0:08
674bfb6f79298b8f94e5216b,25yXh7_2EOc,never fails,0:16
674bfb7279298b8f94e5216c,i0AufSGLSxo,Highlight 1:01:33  1:06:33 from Good night friends,5:00
674bfb7379298b8f94e5216d,ivjLzCqIcNM,Highlight 20:26  25:25 from Good night friends,5:00
674bfb7579298b8f94e5216e,ekiGn947x64,Highlight 21:51  26:50 from Good night friends,5:04
674bfb7679298b8f94e5216f,C7G4ubhuGUw,veg paya,0:55
674bfb7879298b8f94e52170,MqMuZ0z9qw4,ennai konja konja,0:22
674bfb7979298b8f94e52171,fh9Lm3V9ZeQ,Good morning friends,98:12
674bfb7c79298b8f94e52172,Is3lgeNuFHU,paya,4:12
674bfb7e79298b8f94e52173,jUFTu8afG8s,oru kootu killayaga,0:22
674bfb8179298b8f94e52174,jfLfVvEyRGQ,"Highlight 1:01:38  1:06:33 from Silent live friends,pls like",4:56
674bfb8379298b8f94e52175,FtW5yPlK950,"Highlight 1:00:28  1:05:23 from Silent live friends,pls like",4:56
674bfb8679298b8f94e52176,9jfsxvxkNl0,"Highlight 1:02:39  1:07:38 from Silent live friends,pls like",5:05
674bfb8879298b8f94e52177,_l4p1fKxKgA,"Highlight 1:03:59  1:08:57 from Silent live friends,pls like",5:04
674bfb8b79298b8f94e52178,Zb1yOwLF8IU,"Highlight 1:05:23  1:10:22 from Silent live friends,pls like",5:04
674bfb8e79298b8f94e52179,pRWg7Oe-eI0,"Highlight 58:24  1:03:19 from Silent live friends,pls like",4:56
674bfb9179298b8f94e5217a,lN68U-eHZDI,"Silent live friends,pls like",70:38
674bfb9379298b8f94e5217b,D4H3HzQTBj0,Hi Friends,89:24
674bfb9579298b8f94e5217c,PAoBxuhNrwg,Good morning friends,29:17
674bfb9779298b8f94e5217d,jZBMx0M97yY,ukkadam bridge  Kai rasithan,0:24
674bfb9a79298b8f94e5217e,45F1ZvoqyBQ,Masala roast sapidalam vanga,100:57
674bfb9d79298b8f94e5217f,d81lvbcu_lE,masala dosai,0:19
674bfba079298b8f94e52180,bAI4KHWRAps,Poove poochoda vaa,0:17
674bfba179298b8f94e52181,ao5p7qf0e_Y,Adai thosai sapidalam vanga,66:13
674bfba379298b8f94e52182,XzVh-UwOOg0,Good afternoon friends,54:37
674bfba479298b8f94e52183,Al7FnL9Ouh4,Highlight 1:01:02  1:06:02 from Adai thosai sapidalam vanga,5:01
674bfba579298b8f94e52184,a3x7M5PxvsM,ravai kichadi,0:18
674bfba879298b8f94e52185,tLFaXZGPUxs,poo pookum Masami,0:35
674bfba979298b8f94e52186,JONkCXfJgI4,natural hair dye,0:29
674bfbac79298b8f94e52187,lRFTrINTLL0,oru killi uruguthu,0:17
674bfbad79298b8f94e52188,pItHKEN5h5Q,Aapam sapidalam vanga,113:06
674bfbaf79298b8f94e52189,4dWSQq6M__0,Highlight 1:47:50  1:52:50 from Aapam sapidalam vanga,5:00
674bfbb079298b8f94e5218a,NAbV0yzPYo4,Highlight 1:05:49  1:10:49 from Aapam sapidalam vanga,5:01
674bfbb179298b8f94e5218b,PQqA2lViDD4,Kodiveri falls road  Santhana katukule,0:35
674bfbb379298b8f94e5218c,SF-q5HoGTjg,biriyani  fry,0:24
674bfbb779298b8f94e5218d,WSEoPfDY5dU,,0:18
674bfbb879298b8f94e5218e,jn5QORD-SwU,,0:11
674bfbba79298b8f94e5218f,K8PXvbRwj8w,Ragi adai sapidalam vanga friends,119:02
674bfbba79298b8f94e52190,oV_fmDwXMJo,Good afternoon friends,38:12
674bfbbb79298b8f94e52191,pO2fFUew5_I,,86:56
674bfbbc79298b8f94e52192,lgpMbFzVt4Y,Highlight 32:51  37:46 from Good afternoon friends,4:56
674bfbbd79298b8f94e52193,lfmj8S0Qf0s,,43:24
674bfbbf79298b8f94e52194,2JfsPA6EZDA,,70:37
674bfbc079298b8f94e52195,KWrU5XzfT-E,receipe,1:00
674bfbc179298b8f94e52196,-6KnAt26Wio,Kodiveri falls pogalam vanga,0:41
674bfbc279298b8f94e52197,56SyedzD90M,,59:48
674bfbc479298b8f94e52198,GBBRZDLLv7c,keerai,0:14
674bfbc579298b8f94e52199,_lYo8zJU8WQ,lunch menu,0:24
674bfbc679298b8f94e5219a,WAswbETfRgw,pulav,4:52
674bfbc879298b8f94e5219b,YOOeU-1q12s,Parota sapidalam vanga,0:12
674bfbca79298b8f94e5219c,IRbcCz56dto,SaiSriShorts And Vlogs is live,26:14
674bfbcc79298b8f94e5219d,r1WfGdub548,Good afternoon friends,33:51
674bfbce79298b8f94e5219e,yZMSnsIY0ak,Highlight 54:33  59:32 from,4:59
674bfbcf79298b8f94e5219f,vW7jgXnP6Wo,Ayudha poojai valthukal friends,40:49
674bfbd079298b8f94e521a0,-iWfFPu2Dvs,Highlight 35:42  40:38 from Ayudha poojai valthukal friends,4:56
674bfbd279298b8f94e521a1,-uzCyFrz6-8,Ravai kichadi with chutney vanga sapidalam friends,115:07
674bfbd479298b8f94e521a2,PPCrpRC91_o,SaiSriShorts And Vlogs is live,61:43
674bfbd579298b8f94e521a3,hfUlPUMGwZ0,,42:55
674bfbd679298b8f94e521a4,Dxiyo7c8HLQ,,0:15
674bfbd679298b8f94e521a5,fq1zfPO5fzY,biriyani  roast,0:15
674bfbd779298b8f94e521a6,CaSiP-K_Dzw,Highlight 56:34  1:01:32 from SaiSriShorts And Vlogs is live,5:03
674bfbd879298b8f94e521a7,iQspJ6WwCzk,SaiSriShorts And Vlogs is live,46:25
674bfbd979298b8f94e521a8,muWA3yfNEX0,,0:10
674bfbda79298b8f94e521a9,LcARSQ9VPhI,snacks,0:15
674bfbdb79298b8f94e521aa,8CEoXOLkZqA,sapidalam vanga,0:11
674bfbdc79298b8f94e521ab,wQLwFf7-Bzk,hlo   rose,0:16
674bfbdf79298b8f94e521ac,nRvGB86TkTU,vandiyile,0:31
674bfbe179298b8f94e521ad,XWHQW1oFzIA,pulav,0:11
674bfbe379298b8f94e521ae,6StITIIWawk,Hai friends,0:20
674bfbe679298b8f94e521af,B9HRls2ZlLQ,Highlight 1:22:59  1:27:59 from SaiSriShorts And Vlogs is live,5:01
674bfbe979298b8f94e521b0,D8DRol1uDQk,SaiSriShorts And Vlogs is live,88:15
674bfbec79298b8f94e521b1,DcFc_VOjBeI,SaiSriShorts And Vlogs is live,32:07
674bfbee79298b8f94e521b2,coBkfTDjWIA,with veg paya  receipe,0:19
674bfbf079298b8f94e521b3,LiopdSJ8Abo,Highlight 26:53  31:51 from SaiSriShorts And Vlogs is live,4:58
674bfbf379298b8f94e521b4,0zl_mRcZ54A,tiffen,0:10
674bfbf679298b8f94e521b5,nqFzglviHPs,mukuntha mukuntha,0:33
674bfbf779298b8f94e521b6,n93lhRqbV5Y,Highlight 10:58  15:57 from Good evening friends,5:00
674bfbfb79298b8f94e521b7,Eo0sKGPyBU0,Good evening friends,16:58
674bfbfc79298b8f94e521b8,O6BFD53dLh8,,2:28
674bfbfe79298b8f94e521b9,VrWCzAcjEmw,video,3:15
674bfc0079298b8f94e521ba,1VdJIcergnE,Beautiful fishes # exhibition,0:22
674bfc0279298b8f94e521bb,o9DXWg8mQYY,healthy drink    recipe,0:22
674bfc0279298b8f94e521bc,pzqc-7L3GQs,receipe,0:29
674bfc0379298b8f94e521bd,qvGZJKBIe9M,miniki miniki song    song,1:01
674bfc0679298b8f94e521be,ll9wEEZT3jo,,0:13
674bfc0879298b8f94e521bf,IuLb0Ag5Dxs,KitKat sapidalam vanga,0:11
674bfc0a79298b8f94e521c0,ZiriRqECMD8,vennila milkshake  receipe,0:20
674bfc0b79298b8f94e521c1,5BFtRqp-Zd0,beautiful butterfly      birds,0:15
674bfc0c79298b8f94e521c2,k3ba2QKRY4E,,24:07
674bfc0d79298b8f94e521c3,MyBaH_Kev3M,,59:50
674bfc0e79298b8f94e521c4,Sxvv75p75oE,,25:10
674bfc0f79298b8f94e521c5,UG4i-1cpVIc,,6:43
674bfc1079298b8f94e521c6,PIBCpAjJojA,Highlight 18:20  23:21 from,5:02
674bfc1279298b8f94e521c7,3l9Lg-qWExg,Highlight 45:46  50:46 from,5:00
674bfc1579298b8f94e521c8,3N9hxrNL4w8,Tiffen sapidalam vanga,64:53
674bfc1779298b8f94e521c9,quz5rZ-9Iu4,Live streaming of SaiSriShorts,11:25
674bfc1a79298b8f94e521ca,lZUzh4tj6o0,,5:15
674bfc1b79298b8f94e521cb,OKqhnfWgzAM,Highlight 59:08  1:04:06 from Tiffen sapidalam vanga,4:59
674bfc1c79298b8f94e521cc,YqZ4hHyGbMQ,ennathan sugamoo,1:00
674bfc1d79298b8f94e521cd,pwPU864m4qU,,0:27
674bfc1e79298b8f94e521ce,CrgkvL7ltgM,kuruma,3:12
674bfc1f79298b8f94e521cf,ufXDLpbh2Kg,100,1:01
674bfc2079298b8f94e521d0,ZY9bvRK_8Mo,mothi lottu sapidalam vanga  pannu,0:19
674bfc2179298b8f94e521d1,DuBNuJ643fQ,,0:25
674bfc2279298b8f94e521d2,i1b-jHYfR60,,11:15
674bfc2379298b8f94e521d3,GUapnvjMkXc,,31:34
674bfc2579298b8f94e521d4,QIo7Z4wiXeQ,"Chapathi,paneer kuruma sapidalam vanga",48:38
674bfc2779298b8f94e521d5,cfzkaYY1UbU,Highlight 25:43  30:43 from,5:00
674bfc2779298b8f94e521d6,4xZtL7V0AwY,Shufflinhbros       special,0:17
674bfc2a79298b8f94e521d7,wpDQ8H8ZjO0,lunch menu,0:14
674bfc2b79298b8f94e521d8,7L6ovC0dRe4,thendral katre,0:34
674bfc2c79298b8f94e521d9,aQ4V8rL0tvE,,0:13
674bfc2e79298b8f94e521da,jVz_gvl99kM,,54:38
674bfc2f79298b8f94e521db,Gtn46uWl1PI,natural oli,0:23
674bfc3279298b8f94e521dc,WflITPFogwk,thannirilae mugam,0:15
674bfc3479298b8f94e521dd,J_7ZexHkTHc,bread cutlet,1:00
674bfc3679298b8f94e521de,4NactugP-n0,breakfast,0:14
674bfc3979298b8f94e521df,mgynMTMhRDE,trending dosai comedy,0:15
674bfc3a79298b8f94e521e0,kABlFp4udI0,,56:30
674bfc3c79298b8f94e521e1,Vkl2JvBe2fI,Highlight 51:26  56:29 from,5:08
674bfc3d79298b8f94e521e2,emot3XPti34,",",41:13
674bfc3e79298b8f94e521e3,ihHMH9ArFo8,,33:36
674bfc4079298b8f94e521e4,GSnuby3kZ90,"Highlight 36:00  41:02 from ,",5:03
674bfc4279298b8f94e521e5,hJqSfXMZKKg,,57:01
674bfc4479298b8f94e521e6,x2XWfmnOLPY,"Highlight 0:00  1:59 from ,",2:00
674bfc4579298b8f94e521e7,_nsU7JZ2if4,Ammadi Ammadi,0:26
674bfc4679298b8f94e521e8,eoPkxYVHgFg,lunch items,0:18
674bfc4879298b8f94e521e9,17hHHuewMZM,Stuffed aloo parota  receipe,0:52
674bfc4b79298b8f94e521ea,H6nONDN5z6Y,,0:16
674bfc4c79298b8f94e521eb,FxHCpIsnCuc,stuffed aloo parotha,2:47
674bfc4e79298b8f94e521ec,kcY-VXnNYtU,,46:10
674bfc4f79298b8f94e521ed,6-HldIfBv2s,,49:12
674bfc5079298b8f94e521ee,U0FJ9MJQxMQ,,85:34
674bfc5379298b8f94e521ef,w_nMrNzXpmI,Highlight 30:39  35:37 from,4:59
674bfc5579298b8f94e521f0,c7x7mfQyMOs,Highlight 1:20:19  1:25:18 from,4:59
674bfc5779298b8f94e521f1,ZtSsSE2cbB0,,0:16
674bfc5879298b8f94e521f2,lTdKU4KaBJw,one pot araithuvita sambar,0:17
674bfc5a79298b8f94e521f3,O1BJKWlnTyU,thannaane  songs,0:16
674bfc5b79298b8f94e521f4,lSMGl6ggEAw,with sidedish,0:30
674bfc5c79298b8f94e521f5,bIn2yLLRS5A,marriage life  with paneer kuruma,0:29
674bfc5e79298b8f94e521f6,HFBlK7S7H2Y,,32:31
674bfc6079298b8f94e521f7,j7pWYM_7rwY,SaiSriShorts is live,35:38
674bfc6279298b8f94e521f8,2SW1QCvvcSA,,39:39
674bfc6379298b8f94e521f9,tPPTxPvv4JM,3g,0:20
674bfc6479298b8f94e521fa,vHXRsfNAGvg,Highlight 27:15  32:15 from,5:01
674bfc6679298b8f94e521fb,LToyVgG1cng,Highlight 28:43  33:43 from SaiSriShorts is live,5:05
674bfc6879298b8f94e521fc,9yhEi6dhoNE,Highlight 5:12  10:04 from,4:53
674bfc6b79298b8f94e521fd,IB9IOW1e5R4,Highlight 1:23  6:21 from,5:03
674bfc6d79298b8f94e521fe,hgaPEf-kWIA,,10:05
674bfc6e79298b8f94e521ff,ISOPvRvMY80,Highlight 34:29  39:29 from,5:06
674bfc6f79298b8f94e52200,XSjAtCepGAo,Highlight 28:40  33:43 from,5:03
674bfc7079298b8f94e52201,E77eoudEtEM,Highlight 5:44  10:46 from,5:07
674bfc7379298b8f94e52202,WkryRXgpyRc,trending comedy,0:14
674bfc7579298b8f94e52203,p3RY2j-uDfE,herbal hair oil,0:17
674bfc7779298b8f94e52204,-AE6iU3nfEM,,0:15
674bfc7979298b8f94e52205,T5M1q2Gio9E,hair oil,0:41
674bfc7c79298b8f94e52206,QKAd6N1GAH8,kuruma  recipes,1:00
674bfc7e79298b8f94e52207,HqHRKrxPnBA,never fails,0:12
674bfc8079298b8f94e52208,TV3c8GJOnW4,Happy Sunday,24:51
674bfc8279298b8f94e52209,jKqVXLXl9B8,,1:00
674bfc8679298b8f94e5220a,qH7hClOY8mY,mini tiffen sapidalam vanga  penne,0:25
674bfc8979298b8f94e5220b,7GRRApcmcw8,#,0:23
674bfc8a79298b8f94e5220c,AFaAk_5QkYk,mixed vegetables Afganithan gravy   gravy  recipes,4:23
674bfc8c79298b8f94e5220d,tHsCOYlbYAk,,0:17
674bfc8d79298b8f94e5220e,0nPihRq4GeA,one pot sambar    recipes,0:51
674bfc8f79298b8f94e5220f,1uBBHH1CIyo,Santhana katre,1:00
674bfc9179298b8f94e52210,hij9Wgh5e5U,poori with kadalai curry,0:21
674bfc9379298b8f94e52211,4FvvreeK3PQ,,0:16
674bfc9579298b8f94e52212,f2TVrYMEoLo,moon mozham malliyapoo,0:18
674bfc9979298b8f94e52213,hmgwOI8fHPg,aapam with kadalai curry,0:13
674bfc9a79298b8f94e52214,Z0mb43dQtvs,SaiSriShorts is live,30:38
674bfc9d79298b8f94e52215,3dvFTiBCYk4,Good afternoon friends,23:38
674bfca079298b8f94e52216,1_GpkoTSoEE,,11:26
674bfca279298b8f94e52217,7PcgUgRrgpg,SaiSriShorts is live,22:02
674bfca879298b8f94e52218,az75xlH4nOw,,0:20
674bfcab79298b8f94e52219,-JwzMJvkAvA,santhanamara pazham,0:09
674bfcae79298b8f94e5221a,n9itKF0MByI,fry,0:20
674bfcb179298b8f94e5221b,yhYysuO3efs,masala roast,0:15
674bfcb279298b8f94e5221c,5o4OKD1k5Cw,items,0:20
674bfcb579298b8f94e5221d,dkYRmO5xo84,,0:49
674bfcb779298b8f94e5221e,FAoXUCsdgY4,SaiSriShorts is live,37:21
674bfcb779298b8f94e5221f,U_QjXb4pz_k,pollachi road  ride,0:26
674bfcb879298b8f94e52220,sOuxSV3Q6cE,thengai sadam  items,0:17
674bfcbb79298b8f94e52221,X4Q9fC__kn8,Vegetable kuruma,0:19
674bfcbc79298b8f94e52222,22yKBTtqpSs,manasillayo,0:23
674bfcbe79298b8f94e52223,F_jY7nH3vS8,SaiSriShorts is live,71:50
674bfcbf79298b8f94e52224,Nz-jcuSYVQk,,32:00
674bfcc079298b8f94e52225,6-X_HmPHiFg,,31:51
674bfcc379298b8f94e52226,8z3jof7-kYc,,28:28
674bfcc479298b8f94e52227,5FvHvCS3-Vs,,0:16
674bfcc779298b8f94e52228,gl20_t4JXZ8,todays special,0:22
674bfcc879298b8f94e52229,peG12oLYKOU,lunch menu,0:27
674bfccb79298b8f94e5222a,3PfEWyTYiJQ,,0:46
674bfcce79298b8f94e5222b,7l7kEBCOfy8,SaiSriShorts is live,23:36
674bfcd179298b8f94e5222c,K5JcWj5Dix0,SaiSriShorts is live,23:00
674bfcd479298b8f94e5222d,bAQYX81aqEw,SaiSriShorts is live,13:26
674bfcd879298b8f94e5222e,D1jVwRJvM50,Poori sapidalam vanga friends,10:02
674bfcdb79298b8f94e5222f,88PQ1JlwRzA,Poori sapidalam vanga friends,4:09
674bfcdd79298b8f94e52230,L1x5Kt_Fq9Q,Peacock,0:08
674bfcdf79298b8f94e52231,B7db0ln4mNY,sooseki,0:34
674bfcdf79298b8f94e52232,NVYU_bAQGlE,kitchen,0:42
674bfce179298b8f94e52233,8rwHBtGC8v0,comedy,0:16
674bfce279298b8f94e52234,UMeZ1XUjfvs,,25:35
674bfce379298b8f94e52235,PQgQBuHuDqQ,Chapathi sapidalam vanga friends,22:22
674bfce479298b8f94e52236,jQeXm9EZyeU,home cleaning tips,0:28
674bfce779298b8f94e52237,iAfG1_7mAmY,money plant  growth tips,0:51
674bfce979298b8f94e52238,a9-C2KH3gKA,murungakeerai  of murungakeerai,0:55
674bfcec79298b8f94e52239,gRwxRzjBLno,car ride,0:33
674bfcf079298b8f94e5223a,xtGACYFlcQk,murungakeerai poriyal,0:41
674bfcf379298b8f94e5223b,2Abyfr_Z4to,,15:29
674bfcf479298b8f94e5223c,ft1gU57zscE,,16:01
674bfcf479298b8f94e5223d,ggwck_Ifbns,,48:55
674bfcf879298b8f94e5223e,0ttCsL0eW3s,,30:13
674bfcfa79298b8f94e5223f,d0ITy7-YsCc,,41:52
674bfcfc79298b8f94e52240,7XdmQvQlJQ0,ninnukori varanum  fruit # flower,0:16
674bfcfe79298b8f94e52241,t82tEXtE1Ng,,0:15
674bfcff79298b8f94e52242,S4gxXK5N71o,,36:10
674bfd0079298b8f94e52243,4m-3BPUMgWk,vendaikai poriyal,0:44
674bfd0379298b8f94e52244,fMkrqMOkk2w,senthil goundamani comedy,0:16
674bfd0679298b8f94e52245,uYBkDLlUpA8,bread sandwich,0:36
674bfd0879298b8f94e52246,vz54vy4xAW4,,38:37
674bfd0a79298b8f94e52247,GoR78_zwK20,,16:02
674bfd0f79298b8f94e52248,tSwUo7qpl44,aloo parota,0:56
674bfd1179298b8f94e52249,Y4r54Z1UmM0,of venthayam,0:52
674bfd1379298b8f94e5224a,gPR4crAoVog,snacks,0:18
674bfd1579298b8f94e5224b,wkTxSoC17Yw,breakfast items  reels,0:15
674bfd1779298b8f94e5224c,Hi-I6qmQpp4,lunch menu  from pollachi hotel,1:18
674bfd1979298b8f94e5224d,twn-f9UUdjA,,58:41
674bfd1c79298b8f94e5224e,3atr5IO5amU,,4:11
674bfd1f79298b8f94e5224f,hG-IWFh1KHs,,0:14
674bfd2179298b8f94e52250,G3bW_fzfJbU,adaludan padalai,0:58
674bfd2379298b8f94e52251,6qaYOLg_izM,,0:13
674bfd2679298b8f94e52252,neAS5L59lCI,paniyaram suttu thariya,0:13
674bfd2979298b8f94e52253,kp2Q5hOPuPM,of nellikai,0:37
674bfd2c79298b8f94e52254,KNAL6jIbN80,o pilaga venkate,0:19
674bfd2e79298b8f94e52255,CZxuBshV5Bo,,16:52
674bfd3179298b8f94e52256,zK9W_6cxBIw,,0:15
674bfd3379298b8f94e52257,V-RfpJtxVTc,,0:17
674bfd3479298b8f94e52258,cVqhmTaGVYU,,0:38
674bfd3779298b8f94e52259,XUqXBzl4QYc,,0:14
674bfd3979298b8f94e5225a,US3zgGHlS3U,,18:11
674bfd3b79298b8f94e5225b,iif8xUYoCwI,parota,0:16
674bfd3e79298b8f94e5225c,7IpxiUIotCs,,0:21
674bfd4079298b8f94e5225d,njMBSSWWnrk,pirandai thuvaiyal,0:48
674bfd4179298b8f94e5225e,D6rZ69Uy2zk,upuma,0:48
674bfd4379298b8f94e5225f,vGfPmz7dAX8,vadacurry,0:51
674bfd4679298b8f94e52260,RH1eamuM3ro,corn pulav     receipe,0:14
674bfd4879298b8f94e52261,sUCZt0tBrGQ,naan pooveduthu,0:58
674bfd4c79298b8f94e52262,VkXQpf1SbSA,poove poove enthan,0:20
674bfd4e79298b8f94e52263,UY-WQ4o0x9Q,,0:30
674bfd5079298b8f94e52264,emRFB2ULqTE,,0:31
674bfd5279298b8f94e52265,gFYtIGmoRBg,cauliflowe chilli,0:44
674bfd5679298b8f94e52266,FwCeSrFWneA,mamiyar alaparigal  poriyal   receipe   tamil,0:58
674bfd5a79298b8f94e52267,1s9aoCx9P2U,of kovakkai,0:46
674bfd5c79298b8f94e52268,o2HC9is2C0E,poo plant,0:35
674bfd5f79298b8f94e52269,l27BPXQjEgg,tips,0:29
674bfd6279298b8f94e5226a,2mLvNYgqF0o,homemade vadacurry,2:16
674bfd6479298b8f94e5226b,mf-FYmtZhdA,,1:35
674bfd6579298b8f94e5226c,PBLirPuqIG8,homemade mint bread cutlet,4:11
674bfd6679298b8f94e5226d,t_iEkItrw8k,Paneer kuruma,0:22
674bfd6779298b8f94e5226e,mC7R0VeNImk,farming,0:56
674bfd6979298b8f94e5226f,8AdJNWrwriU,,4:35
674bfd6b79298b8f94e52270,8OQY8UpaGEo,tea kadai comedy,0:15
674bfd6d79298b8f94e52271,LueeH_MsG8Q,murunga keerai kulambu,0:58
674bfd6f79298b8f94e52272,tK_ulR22ZKc,agriculture,0:11
674bfd7179298b8f94e52273,Ro9yQtcAWU4,of amla,0:42
674bfd7479298b8f94e52274,BMaibtORyMQ,Enthan vazhkain  rose,0:50
674bfd7779298b8f94e52275,E5DZLWnS5ug,pudina biriyani    receipe,0:50
674bfd7a79298b8f94e52276,oYFcOnyqi60,",",1:32
674bfd7c79298b8f94e52277,zKTbzT-3vtE,,0:47
674bfd8079298b8f94e52278,PAJWq6l-0bI,of gooseberry,0:42
674bfd8279298b8f94e52279,Hxq-CSCXwZU,Sangeeta megam,0:25
674bfd8479298b8f94e5227a,MpmMZBK8s4g,20      tips,0:29
674bfd8679298b8f94e5227b,s64vqBUNwXY,is world,0:14
674bfd8879298b8f94e5227c,3aV7KVwtkCw,,1:21
674bfd8979298b8f94e5227d,dx5TXluREZM,with honey,2:22
674bfd8d79298b8f94e5227e,SyA-WgWXfC0,nellikai juice    of gooseberry,0:49
674bfd8e79298b8f94e5227f,t-43GjzlRlI,,0:45
674bfd9079298b8f94e52280,qVhXH0C3Mh8,,0:54
674bfd9379298b8f94e52281,pjagsXYMLX4,plant,0:39
674bfd9679298b8f94e52282,rf2JoczM_Xk,cauliflower fry,0:13
674bfd9879298b8f94e52283,VMmaeKmUir4,",   kothu idly",0:17
674bfd9979298b8f94e52284,MY2BySdOpjc,,0:27
674bfd9b79298b8f94e52285,wY758l7OKI4,tea pidikuma friends,0:19
674bfd9c79298b8f94e52286,oPzmgnzUp78,,0:16
674bfda079298b8f94e52287,1gxG7GuIf7M,Un manasulla patuthan irukuthu,0:16
674bfda279298b8f94e52288,yTfXhFH3rzI,,0:16
674bfda479298b8f94e52289,09aNt9BP60s,,0:26
674bfda979298b8f94e5228a,LwUQiLLiEXQ,curd rice      sir comedy,0:15
674bfdab79298b8f94e5228b,Nvwo1YZbdIk,pudina biriyani,0:14
674bfdae79298b8f94e5228c,tiVyBNGq79Q,easy method of pudina biriyani  lover  receipe,2:28
674bfdb179298b8f94e5228d,4Z-VxaiPyM8,Thayir pachidi  raitha,0:33
674bfdb479298b8f94e5228e,_tiSKzML3LI,again      flower,0:17
674bfdb579298b8f94e5228f,pUPFbpOblVk,lunch menu,0:18
674bfdb879298b8f94e52290,StNFTfrKF0E,of ginger,0:21
674bfdb879298b8f94e52291,TgHl1f2fapo,hill,1:53
674bfdb979298b8f94e52292,woGvbXZCHTg,",",0:16
674bfdba79298b8f94e52293,joYx3v-XbdQ,,0:28
674bfdbb79298b8f94e52294,CChKiHyCREg,ragi adai,1:00
674bfdbd79298b8f94e52295,dwDGhT6rS6Q,murungakkai poriyal,0:58
674bfdbe79298b8f94e52296,J8k_srHcFp0,,0:18
674bfdbf79298b8f94e52297,IiTzUkcS7u0,raining with nature  life of ram     Tamil song,0:23
674bfdc179298b8f94e52298,S4QCkhSH6Ss,,0:17
674bfdc279298b8f94e52299,DAKfnR1a1yI,,0:16
674bfdc379298b8f94e5229a,e6ibt1pUERc,benefits of badam  halwa,0:23
674bfdc679298b8f94e5229b,93_szcVVUik,lunch menu,0:32
674bfdc879298b8f94e5229c,6MLjbFj9B5U,flower growth  thedum,0:39
674bfdca79298b8f94e5229d,C5ZZFuYDGXA,,1:27
674bfdcc79298b8f94e5229e,6Xw03s03USc,",",4:52
674bfdcc79298b8f94e5229f,eq3k0ZfbCG0,",,",1:16
674bfdcd79298b8f94e522a0,7xtgDjFj7HQ,,0:17
674bfdce79298b8f94e522a1,XXhJZEypIyk,aapam with kadalai kuruma,0:12
674bfdcf79298b8f94e522a2,a3RT6v8qfs8,kadalaimittai,0:21
674bfdd079298b8f94e522a3,qFsUncKYWKw,,0:27
674bfdd179298b8f94e522a4,qLz1PRxZRb0,,0:37
674bfdd479298b8f94e522a5,51LEl2zMXPM,benefits of pirandai,0:21
674bfdd579298b8f94e522a6,Djem6b8quT8,coconut milk  of coconut,0:16
674bfdd879298b8f94e522a7,z-WWWeNAduA,kattukuyil pattu solla,0:48
674bfdd979298b8f94e522a8,P3wMopmLLTQ,maayoney  items,0:16
674bfdda79298b8f94e522a9,cnu8-kKLSr8,of groundnut,0:29
674bfddc79298b8f94e522aa,KePd_UR6SfI,,0:15
674bfddd79298b8f94e522ab,1T4WF9p7Nvc,",        coconutreceipe",1:04
674bfdde79298b8f94e522ac,fiwyzvRXFqk,nenjin ezuthi   song,0:34
674bfddf79298b8f94e522ad,suXG_HHszbE,,0:15
674bfde079298b8f94e522ae,LhIS950bHm4,,0:20
674bfde179298b8f94e522af,NGGkHvEX_ew,benefits of pottukadalai,0:23
674bfde379298b8f94e522b0,wDk00CITNRA,sorgame  endralum,0:18
674bfde479298b8f94e522b1,26PQ_0RKLI4,,0:12
674bfde779298b8f94e522b2,a44lNjQyFNk,mango  milkshake,0:09
674bfdea79298b8f94e522b3,n8lmsu0sRcI,,0:14
674bfdee79298b8f94e522b4,vrINvZI3m10,tasty ragi adai  roti  adai,1:51
674bfdf079298b8f94e522b5,HUJaSSyhQfA,hongkong fried rice    naana,0:34
674bfdf279298b8f94e522b6,wPsfEaJzZuU,rice adai,0:15
674bfdf479298b8f94e522b7,WpE27Ihrgnw,,5:14
674bfdf579298b8f94e522b8,J2Hmaovzyzs,,0:25
674bfdf579298b8f94e522b9,Tao2RdXq_v4,galata,0:11
674bfdf879298b8f94e522ba,my6cwKlXaeA,,0:12
674bfdfa79298b8f94e522bb,BYOfrqvettw,poriyal,5:18
674bfdfb79298b8f94e522bc,gR9eZ-AvUkg,,0:31
674bfe0279298b8f94e522bd,LyD1HC_g3DA,,0:31
674bfe0479298b8f94e522be,I0Ox-Fj3mN4,kothavarangai poriyal,0:44
674bfe0779298b8f94e522bf,nAaU38ImVpA,,0:57
674bfe0979298b8f94e522c0,-ATU0H6YtXA,,0:19
674bfe0c79298b8f94e522c1,eroLNXeCJHg,fruits,0:51
674bfe0f79298b8f94e522c2,Wtyv2Xmooq4,,0:13
674bfe1479298b8f94e522c3,6Jd-ObR7Ypw,,0:57
674bfe1879298b8f94e522c4,5VfEZXbextQ,vadakari  lesa,0:16
674bfe1a79298b8f94e522c5,S74hYm4dmKE,senthil goundamani comedy  kuruma,0:15
674bfe1d79298b8f94e522c6,rR2YQiCdfr0,,0:10
674bfe2079298b8f94e522c7,xpSZtAp6A4M,jaggery dosai  jaggery receipe,2:30
674bfe2379298b8f94e522c8,-WFzEA8dcT4,superb idea,0:45
674bfe2479298b8f94e522c9,RtisZ4PfxNI,oru thanga rathathil,0:51
674bfe2679298b8f94e522ca,fghsnbmgV2c,dosai alaparigal,0:18
674bfe2779298b8f94e522cb,RNI_c-DWQzg,items,0:19
674bfe2979298b8f94e522cc,nJxYcifI3ls,marriage life,0:25
674bfe2a79298b8f94e522cd,JnG9f9ALIGg,miss,0:13
674bfe2b79298b8f94e522ce,II6xWAmnZ_0,indha poraputhan  kulambu,0:23
674bfe2c79298b8f94e522cf,XpY-UTw5-UA,,0:14
674bfe2e79298b8f94e522d0,JhvXzSBtPVQ,,0:16
674bfe3079298b8f94e522d1,cMEDdGGM4Gc,like,0:19
674bfe3379298b8f94e522d2,_kwXrDPo13A,muruga,0:18
674bfe3579298b8f94e522d3,C8jwlxV22R8,,0:24
674bfe3679298b8f94e522d4,5VwdXt6tqlQ,,0:13
674bfe3879298b8f94e522d5,LgBkMNaDB_0,",",0:17
674bfe3d79298b8f94e522d6,b42tId_mioY,,0:11
674bfe4079298b8f94e522d7,OmyLcjhInNk,chocolates  maasam,0:43
674bfe4379298b8f94e522d8,NqyUi2UvT8o,option B,0:14
674bfe4579298b8f94e522d9,aQpL9BGZyVw,rain,0:09
674bfe4979298b8f94e522da,ZTkjOkNKVNs,senthil goundamani comedy # husbandwifetamilcomedy,0:09
674bfe4a79298b8f94e522db,8_6FoFC1SVs,,0:20
674bfe4c79298b8f94e522dc,XhIWGb1ZjJ0,,0:21
674bfe4e79298b8f94e522dd,FXKoEGvby14,,0:11
674bfe5079298b8f94e522de,wOOgBwx1bLI,lot of problem makkale,0:06
674bfe5379298b8f94e522df,6ulY4k7aUlM,,0:16
674bfe5479298b8f94e522e0,pWINYCrM-NY,adangatha asuran,0:15
674bfe5679298b8f94e522e1,B6ySvu9LD8w,senai kilangu roast,3:11
674bfe5979298b8f94e522e2,HF1V-dJnoSY,,0:14
674bfe5c79298b8f94e522e3,lK9jWQ6cKH8,makkamishi,0:23
674bfe5e79298b8f94e522e4,3HQrrXZWNgI,Puli kulambu en kasakuthu,0:25
674bfe6079298b8f94e522e5,0xmB0QV-7GY,,0:43
674bfe6379298b8f94e522e6,YLzMbGLZJGU,senai kilangu roast,0:21
674bfe6679298b8f94e522e7,5PjNaL1yuiM,sambar sadam,8:43
674bfe6879298b8f94e522e8,g2P05nCIiCk,kuzhi paniyaram,3:49
674bfe6979298b8f94e522e9,-rwsPqVcncE,,6:11
674bfe6d79298b8f94e522ea,ytU1IHpU0RM,custard fruits     video,1:01
674bfe6f79298b8f94e522eb,HCHg7PhDv5w,vada curry,0:13
674bfe7279298b8f94e522ec,YKVThVVNpIQ,sunday lunch items,0:15
674bfe7379298b8f94e522ed,B7vQ9h-fcSo,sundari kannal oru sethi,0:15
674bfe7479298b8f94e522ee,6WA506B-Utk,just for fun,0:19
674bfe7579298b8f94e522ef,8HY-Di-qtMY,,0:30
674bfe7879298b8f94e522f0,oPrHE9mK85E,,0:06
674bfe7b79298b8f94e522f1,XjlxuDZqgok,,0:53
674bfe7e79298b8f94e522f2,jG616J5i3Kg,,0:08
674bfe8179298b8f94e522f3,6uRQnWzWNAQ,vethakulambu alaparigal,0:12
674bfe8479298b8f94e522f4,7Vkp7fER4yQ,murungakai alaparigal,0:17
674bfe8779298b8f94e522f5,h6WInESvI-I,Chitu kuruvi,0:14
674bfe8979298b8f94e522f6,FbYzyWmXyiA,,0:08
674bfe8c79298b8f94e522f7,PzS35_G46HM,konji pesida venam,0:25
674bfe9079298b8f94e522f8,ip1FUZlFufI,,0:12
674bfe9279298b8f94e522f9,TrVK2CBXvUU,feelings,0:15
674bfe9579298b8f94e522fa,GrAJ9fmyuwg,ela adai    song,0:30
674bfe9879298b8f94e522fb,Um3wBm0aj_g,,0:20
674bfe9b79298b8f94e522fc,vIH5N7prPBU,na tharamatten,0:17
674bfe9c79298b8f94e522fd,8J-gydGSaJw,,0:16
674bfe9e79298b8f94e522fe,oHNt0ccRxT0,funny_chicken,0:18
674bfe9f79298b8f94e522ff,9lVMkZA7SWQ,juice,0:30
674bfea079298b8f94e52300,2VEDO8puUd0,rice,0:15
674bfea179298b8f94e52301,9DTTl2cmbig,creamy pasta,0:55
674bfea479298b8f94e52302,AAP4BrBhhw4,mahalakshmi trending,0:15
674bfea679298b8f94e52303,mDht7PFgzMk,husbandwifealaparaigal,0:19
674bfea879298b8f94e52304,ni29gYG2pHU,pongalvibes,0:16
674bfea979298b8f94e52305,8omGLxtSlaw,pongal chutney,0:14
674bfeaa79298b8f94e52306,eY-8bS1m4js,,0:19
674bfeab79298b8f94e52307,ULMdWq8MJtg,ready 1234,0:17
674bfeae79298b8f94e52308,O8aK_dS4gTQ,paniyaram,0:23
674bfeb179298b8f94e52309,IFY0nfM8AAk,soan papdi,0:21
674bfeb379298b8f94e5230a,fMrWRSbkfOg,sesame urundai  of yelu,0:13
674bfeb579298b8f94e5230b,pS4m2prbhiI,sola dosi,0:43
674bfeb879298b8f94e5230c,Xzms0s0fHdE,,0:15
674bfebb79298b8f94e5230d,InbsTuxJZws,,0:32
674bfebe79298b8f94e5230e,H0zYt3YKNso,maayoney,0:22
674bfec079298b8f94e5230f,_RHy4Wg3PpM,,0:14
674bfec379298b8f94e52310,rMVe6N83ZVQ,aloo methi gravy,5:00
674bfec579298b8f94e52311,UR5T_PhyCUo,ambala,0:23
674bfec679298b8f94e52312,iYwAaZ_RWVM,banana & pomegranate milkshake    drink,2:12
674bfec779298b8f94e52313,aDT9i_wgldc,,0:15
674bfec879298b8f94e52314,Hm0pQIBySnI,rasam,0:21
674bfecb79298b8f94e52315,BH2EbxCJn7o,anandha yazhai,0:27
674bfece79298b8f94e52316,EQW8JJli8tc,cremy pasta,7:02
674bfed079298b8f94e52317,h_qfP0-aOzk,betrayal,0:18
674bfed379298b8f94e52318,8YPD5-t855A,mil,0:18
674bfed579298b8f94e52319,IRUfWc-NY9o,5,0:53
674bfed879298b8f94e5231a,yNb_BN5vjgM,nature,0:11
674bfed979298b8f94e5231b,qKpfqhqu02g,,0:07
674bfedb79298b8f94e5231c,zIWfGPkwjTk,,0:20
674bfedd79298b8f94e5231d,sk72fvDB_Bs,mushroom gravy,0:23
674bfede79298b8f94e5231e,0rlG1Vl7xGQ,cat,0:23
674bfede79298b8f94e5231f,ydH0jgyw1I4,plant,0:08
674bfee279298b8f94e52320,E_b12IsCSb0,kadalai mittai  song,0:16
674bfee879298b8f94e52321,XeTfc_zNxik,milagu kulambu,0:19
674bfeeb79298b8f94e52322,w976-YJ0rig,just for fun,0:12
674bfeee79298b8f94e52323,6HThgwC5wb4,masala poriyal,0:44
674bfef179298b8f94e52324,5m1mOOW-K8Q,,0:35
674bfef279298b8f94e52325,ZPOxMVtSBBI,food,0:11
674bfef379298b8f94e52326,3TeRtDtyRfk,dahi bindhi,0:35
674bfef579298b8f94e52327,fKFXwlB9RQ0,,0:24
674bfef879298b8f94e52328,upNRzAXq6WE,veg biriyani,0:18
674bfefc79298b8f94e52329,rZw9vBsxa_o,milkshake,0:14
674bfefe79298b8f94e5232a,CpB8nl9uGcQ,,0:13
674bff0079298b8f94e5232b,VDy2dMOyAjo,scorpion,0:20
674bff0279298b8f94e5232c,0KrUqL5cQY0,,0:29
674bff0479298b8f94e5232d,JkKBgtbpzi4,aloo methi gravy,0:21
674c055979298b8f94e5232e,ozR6khzGAxI,ghee roast,0:17
674c055a79298b8f94e5232f,nlNNAeWr84k,banana tea,0:13
674c055b79298b8f94e52330,ILYOzxd2M5g,palm itching treatment,0:11
674c055c79298b8f94e52331,-wxFUgde6aE,water packet,0:18
674c055d79298b8f94e52332,lVa_Pw7L33g,frustration,0:16
674c055e79298b8f94e52333,CJr3HjZSEng,,0:17
674c055f79298b8f94e52334,2AI6ws2Rz-s,dahi bindhi,4:07
674c056079298b8f94e52335,UYiHenyElZ0,,4:00
674c056179298b8f94e52336,0YQNtqIgWpA,",",1:39
674c056279298b8f94e52337,j54rLhr3oUQ,,1:16
674c056379298b8f94e52338,SvycrUukcgE,",",3:09
674c056479298b8f94e52339,ct0gHb80tTQ,,3:45
674c056579298b8f94e5233a,EI2pTbaCGKQ,,0:25
674c056679298b8f94e5233b,kd4kJnP2tp4,lunch,0:16
674c056779298b8f94e5233c,D9fFGtlWwzc,mill,0:10
674c056a79298b8f94e5233d,L96dL7YXAAE,True lines,0:12
674c056c79298b8f94e5233e,JlzPxAFl6HI,food  dialogue,0:19
674c056d79298b8f94e5233f,wIZWBga3rWE,"As u sow, so shall you reap     # manathakkalikeerai",0:45
674c057079298b8f94e52340,HmNJN-8-EDI,,0:15
674c057079298b8f94e52341,B3clg6dFdes,sapidalam vanga       vira,0:14
674c057179298b8f94e52342,hfAdV03iNcU,water packet song# peacock,0:45
674c057479298b8f94e52343,fE820_A4aZw,u ma,0:14
674c057679298b8f94e52344,AkODkextjCI,dog      petlover,0:14
674c057879298b8f94e52345,FvLVRHSgdTY,pachai nirame    peacocklover,0:24
674c057b79298b8f94e52346,FiIOKlGZFSo,,0:11
674c057d79298b8f94e52347,E6PGm8DeOgk,vanga sapidalam,0:12
674c058079298b8f94e52348,WsLJ4NQQ_8A,peacock  dance,0:35
674c058279298b8f94e52349,yXHAlVmJ4JI,,0:19
674c058379298b8f94e5234a,AM0nBFLS6qg,ithuthan unmai  coffee,0:08
674c058579298b8f94e5234b,VNIODNYVzyo,homemade badam halwa,0:18
674c058679298b8f94e5234c,NCqfQ8TL5cM,"we are dealing in all kind of dress materials and artificial jewellery, whatsapp only 7845851233",0:23
674c058879298b8f94e5234d,Ufkse959Zsw,fear of life,0:15
674c058979298b8f94e5234e,A1KIticxEPQ,cheese pasta,0:15
674c058c79298b8f94e5234f,KDzXcAEh9m4,dairy milk chocolate milkshake,0:14
674c058d79298b8f94e52350,wt4Va4GgpEk,,0:11
674c05a079298b8f94e52351,Cg67Q3xuCoQ,,0:16
674c05b779298b8f94e52352,22cG9LojxEQ,don't believe others  plant  motivational,0:12
674c05c279298b8f94e52353,M4gnjOEDLCE,karuppan,0:09
674c05cc79298b8f94e52354,Gw6oMFA4gTU,today lunch   sapidalam,0:19
674c05d479298b8f94e52355,kSqCOXoEH5s,corn,0:14
674c05db79298b8f94e52356,g1_UZE4WHzg,palakkeerai thokku,0:30
674c05f279298b8f94e52357,Uo67Pe6xolw,palakkeerai thokku,4:03
674c05f779298b8f94e52358,-UkQ5Co-Zhg,&,0:39
674c05fa79298b8f94e52359,YztEwl4UfoM,valaikai varuval,1:11
674c05fd79298b8f94e5235a,m0JFFgUhMmM,,0:20
674c060079298b8f94e5235b,uu8NZap0MWM,# naturel,0:35
674c060479298b8f94e5235c,U4qspqAbHC4,goundamanicomedy,0:06
674c060879298b8f94e5235d,dzRUWK0wIm8,lunch items,0:13
674c060e79298b8f94e5235e,0a9zbDfLGXE,samba ravai kichadi,0:27
674c061379298b8f94e5235f,RthhFSnCvA8,soya kuruma,0:25
674c061879298b8f94e52360,myP94m4jUwk,fried rice,0:16
674c061b79298b8f94e52361,NkHBnGo7ZZQ,palakottai varuval,0:20
674c061d79298b8f94e52362,vuVJVCa6lg8,fried rice,5:47
674c061f79298b8f94e52363,51XSB6aceIw,soya kuruma  gravy,5:33
674c062179298b8f94e52364,p0I1IbHz1cc,palakottai varuval  poriyal,3:40
674c062279298b8f94e52365,-Jny53WhQgM,kothumai ravai kichadi  ravai kichadi  ravai receipe,6:07
674c062379298b8f94e52366,k_5snVMpGbs,kothumai ravai kichadi,0:10
674c062479298b8f94e52367,eFovegtm74A,,0:16
674c062679298b8f94e52368,JXBWPAN0aLc,methi chapathi with soya kuruma,0:13
674c062979298b8f94e52369,dlUisP3aDIs,chapathi,0:14
674c062b79298b8f94e5236a,svJWg2xhDo4,trending,0:15
674c062e79298b8f94e5236b,8-pxGe7qFQ8,fried rice,0:18
674c062f79298b8f94e5236c,Qe-TGNNvKvw,,0:15
674c063279298b8f94e5236d,vwVoAmuTbnw,vadagam,0:06
674c063479298b8f94e5236e,Zm_-TtjSF3U,Rose plant,0:33
674c063879298b8f94e5236f,QXtYOd1bEuA,God muruga,0:16
674c064279298b8f94e52370,LzE0VPIntm4,,0:17
674c064b79298b8f94e52371,BumWOwIca2U,coconut  of coconut,0:20
674c066279298b8f94e52372,P0BEM91DI8c,parota kuruma,0:12
674c066479298b8f94e52373,4-o4O8jj_Oo,kadalai kuruma,0:20
674c066879298b8f94e52374,EveVhb8Ne9s,mixed rice,0:15
674c066a79298b8f94e52375,BC-E_urX4ck,Always think positive be positive,0:15
674c066b79298b8f94e52376,fZGoec587ks,dog,0:11
674c066d79298b8f94e52377,LT7-yOEAC8o,parota,0:27
674c066f79298b8f94e52378,qD5wMkZB1pk,,0:19
674c067179298b8f94e52379,4jhngnP_QMg,trending,0:17
674c067279298b8f94e5237a,T3nrhrxLglo,poori,0:14
674c067379298b8f94e5237b,dvgLb8rWXFs,,0:12
674c067479298b8f94e5237c,5PygOlymAq4,# tamil,0:24
674c067679298b8f94e5237d,_PC_EOcsRyY,of palapazham,0:37
674c067679298b8f94e5237e,kWGh5GB3GJA,,0:12
674c067879298b8f94e5237f,76GqVLXIPYo,,0:15
674c067b79298b8f94e52380,Tk9PwYiYnVM,plant,0:16
674c067d79298b8f94e52381,-5It-YwIuRI,peacock family  # birds,0:10
674c067f79298b8f94e52382,_V0hMxe3KUY,5,0:56
674c068279298b8f94e52383,Vifi06ZlumI,iswaryam peruga,0:28
674c068579298b8f94e52384,bGFiRUu2OLQ,cat  alaparigal,0:23
674c068779298b8f94e52385,Segbe0xwnII,,0:15
674c068979298b8f94e52386,v0LWA8XTAV8,chapathi,0:10
674c068c79298b8f94e52387,JGYGMgnMDEA,boli,0:25
674c068f79298b8f94e52388,mzQxmi1jRgY,peacock,0:07
674c069279298b8f94e52389,zSOHPqD4yvM,coconut flower,0:38
674c069579298b8f94e5238a,NbV2xSbYqVI,naan ketathu   peacock vs peacock dance,0:36
674c069b79298b8f94e5238b,hPIH_0ALKXs,rain,0:23
674c069d79298b8f94e5238c,qBdL4_CSuZg,just for fun  juice,0:15
674c06a179298b8f94e5238d,JN57RhBjP9Y,,0:13
674c06a479298b8f94e5238e,JQL29im5VQM,thaimasam song,0:22
674c06a779298b8f94e5238f,5NU0KXc_pNM,,0:18
674c06aa79298b8f94e52390,br7i5umKZt8,cat,0:13
674c06ac79298b8f94e52391,X_WJRO7IrgQ,enaku soruthan mukkiyam,0:20
674c06b079298b8f94e52392,D9zJpm3zTns,cat       comedy   shor,0:13
674c06b379298b8f94e52393,lyt8fwa_s-0,thinai upma,0:18
674c06b579298b8f94e52394,5cNdwH7XyqI,poongatre poongatre  journey,0:28
674c06b779298b8f94e52395,w2OcK0jffk0,,0:12
674c06ba79298b8f94e52396,pWSPzfHD07M,goundamani comedy dialogue,0:14
674c06bc79298b8f94e52397,M3xH8l77n4k,,0:53
674c06c079298b8f94e52398,il9qqwWTVV8,,0:18
674c06c379298b8f94e52399,ky1xPmoP0E4,vada,0:10
674c06c779298b8f94e5239a,S3540Qdk7FI,biriyani alaparigal,0:10
674c06c979298b8f94e5239b,JqqOkxY0eOU,mango pachadi,0:17
674c06cc79298b8f94e5239c,LLpE5sPZduw,vegetable biriyani,3:56
674c06d079298b8f94e5239d,eTpsvqYRtrM,tomato thokku      love,0:27
674c06d279298b8f94e5239e,Aoa_vFlVek0,mango  pachadi,3:27
674c06d579298b8f94e5239f,0OZkq0TL7HQ,tomato  thokku,4:21
674c06d879298b8f94e523a0,284rSJ6T0uo,,0:18
674c06db79298b8f94e523a1,Sp9XGakJ-tg,peacock,0:12
674c06de79298b8f94e523a2,R8Y8IrOOfnM,murunga keerai thuvaiyal,0:13
674c06e079298b8f94e523a3,oxnvjvKMvbg,,0:34
674c06e479298b8f94e523a4,5s2reELD_Fs,cat   lover,0:13
674c06e679298b8f94e523a5,vD4I0ncHvXQ,sembaruthi poo tea,0:16
674c06e879298b8f94e523a6,q-vr590KMxo,sembaruthi poo tea,1:53
674c06ed79298b8f94e523a7,Ql-N_nD5mSQ,dog           dogshorts,0:21
674c06f079298b8f94e523a8,nwG3pQyc-wQ,momos,0:25
674c06f379298b8f94e523a9,q-fDXBxCg9Q,love yourself,0:32
674c06f579298b8f94e523aa,CD-TPIqGlnI,Mexican mint,0:20
674c06f879298b8f94e523ab,yYCKu8WYYOw,food comedy alaparigal,0:17
674c06fb79298b8f94e523ac,xos-qRULXck,money is always ultimate,0:15
674c06fd79298b8f94e523ad,sjrprgkw9Wg,pal payasam,0:14
674c070079298b8f94e523ae,Qg7STBKALEM,rice kozhukatai,0:11
674c070979298b8f94e523af,H20fwc0xd7w,kana vazhai keerai kadaisal,0:17
674c070c79298b8f94e523b0,Owvz-RXcKDM,idly sambar        comedy,0:12
674c070e79298b8f94e523b1,y0o5cljrbjY,,0:29
674c071179298b8f94e523b2,LpRglP1Pv58,,0:19
674c071379298b8f94e523b3,QGmwdU2jUaQ,kana vazhai keerai kadaisal  vazhai  vazhai receipe,3:52
674c071479298b8f94e523b4,MnCC2ph26Po,Smile Potato,0:35
674c071679298b8f94e523b5,PETzBz1V4Ik,neeya naana  alaparigal,0:14
674c071979298b8f94e523b6,nhjgKut0O5s,,0:16
674c071b79298b8f94e523b7,c07smhW9J7k,karuppan,0:05
674c071d79298b8f94e523b8,CNhhVYVigTE,thangaarali plant,0:34
674c071e79298b8f94e523b9,HnkI0cNjXcY,boori kilangu   # comedy,0:10
674c071f79298b8f94e523ba,LAJ9H_xHGyE,tomato  biriyani  soruthan mukkiyam,0:18
674c072279298b8f94e523bb,uDsDJrDVgSo,papaya,0:22
674c072479298b8f94e523bc,yd5nf8cGHoA,live life,0:14
674c072579298b8f94e523bd,HHP8FlcT5zQ,90's kids kamarkatu sapituirukeengala,0:21
674c072879298b8f94e523be,rO4g59gdaGo,kovakkai poriyal,1:32
674c072a79298b8f94e523bf,Rc85uLdAV20,90's kids elanthavadai,0:20
674c072d79298b8f94e523c0,iCQ7faL2Eqk,,0:17
674c072f79298b8f94e523c1,ooW7wbpY-ZY,sapidalam vanga,0:10
674c073179298b8f94e523c2,jjRJo5Px-xU,paneer jamun,0:24
674c073479298b8f94e523c3,wspI4dtVbUY,papaya juice,0:24
674c073879298b8f94e523c4,uu4X_sVduVM,hardwork never fails,0:13
674c073979298b8f94e523c5,_leathOJ760,kovakai Kara kulambu,2:33
674c073c79298b8f94e523c6,-7f1AZyQjt0,,0:47
674c073f79298b8f94e523c7,2FBEJVbDbS8,birdscomedy,0:19
674c074379298b8f94e523c8,nAE7wsI9cTg,,0:33
674c074579298b8f94e523c9,kFvuUS-vbTA,mushroom  gravy,0:29
674c074679298b8f94e523ca,uZi65MVr9uI,food alaparigal,0:12
674c074779298b8f94e523cb,2vM917HQhY8,give up,0:15
674c074a79298b8f94e523cc,_kOZxervJ1g,100 days work alaparigal   comedy,0:15
674c074d79298b8f94e523cd,LqQXdsrbt5I,today lunch items,0:08
674c074f79298b8f94e523ce,tl9ic7YuzKY,,0:19
674c075179298b8f94e523cf,8Cv4T3EX4Z4,mango  tree,0:11
674c075479298b8f94e523d0,xFX9jzgTdR4,morning breakfast      idly,0:14
674c075679298b8f94e523d1,WWmKi74wYFo,,0:15
674c075979298b8f94e523d2,nemNacUK6mc,merakai and beans  poriyal,1:50
674c075c79298b8f94e523d3,A4XEGU2Yn8s,murunga poo poriyal,2:18
674c075f79298b8f94e523d4,jofw63_YcUo,atta noodles,0:23
674c076179298b8f94e523d5,EOqctf3rNUs,mushroom  biriyani,4:53
674c076279298b8f94e523d6,AuDUMv9RoM4,curd pachadi  pachadi,0:15
674c076479298b8f94e523d7,setLeohTcBo,lunch items    food,0:15
674c076579298b8f94e523d8,ABSLCtSPcpg,mushroom  gravy    kulambu,2:59
674c076779298b8f94e523d9,4_aDj201kPw,mullai poo,0:14
674c076979298b8f94e523da,9qiXkWtU7v0,papaya  of papaya,0:32
674c076b79298b8f94e523db,0m9CR9O6HE4,,0:18
674c076e79298b8f94e523dc,5Ehz6YHRJ_I,nothing is permanent,0:20
674c077079298b8f94e523dd,5PKL9MFF2Tk,Chiru keerai kulambu,4:15
674c077279298b8f94e523de,hR4c9S3i8s8,mushroom  biriyani,0:09
674c077379298b8f94e523df,CwLYlM44cTE,pear fruit    benefits of pear fruit,0:24
674c077379298b8f94e523e0,VIXJBQ7Pp60,coconut tree,0:16
674c077679298b8f94e523e1,Q49O_L7TqKY,moringa tree,0:14
674c077a79298b8f94e523e2,0VOg6Rjv5F4,bathuzha,0:10
674c077e79298b8f94e523e3,hlYwCqrnKAg,relationship,0:16
674c078079298b8f94e523e4,EtrkywRfdjE,thangapulla,0:10
674c078179298b8f94e523e5,tCsNTfMQckI,parota,0:12
674c078479298b8f94e523e6,gqNtABwtEsw,,0:14
674c078779298b8f94e523e7,S297E5vIQxA,valayosai,0:35
674c078979298b8f94e523e8,qiuo43DHu2c,pachai nirame song,0:20
674c078c79298b8f94e523e9,-U4k6JMgOEE,goundamani senthil comedy,0:15
674c078e79298b8f94e523ea,yVBSKYu_ST8,sevvazhai   of banana,0:19
674c079179298b8f94e523eb,DKDJjALuZJ4,peacock,0:13
674c079379298b8f94e523ec,XAnptFkWHOY,birds nest,0:16
674c079679298b8f94e523ed,gZCOgfupc_E,roja roja,0:59
674c079779298b8f94e523ee,B3wKiATA--A,lifestyle,0:17
674c079b79298b8f94e523ef,y8_VUCw7_v4,mullai poo garland    changing motivation,0:18
674c079f79298b8f94e523f0,7bI9h5RrxK0,diarymilkchokkichokki,0:23
674c07a179298b8f94e523f1,4SbPmhQRY8M,Arun ice cream,0:30
674c07a479298b8f94e523f2,gwGCGRTPEuI,thatu idly     viral,0:15
674c07a779298b8f94e523f3,MxafXj0VZmw,oru thanga rathathil,0:26
674c07aa79298b8f94e523f4,JPoFlw6_o5M,vijayakanth sir dialogue,0:26
674c07ad79298b8f94e523f5,HRVwWPtMB9M,flower,0:22
674c07af79298b8f94e523f6,kNqHuDezR8U,sembaruthi poo,0:22
674c07b179298b8f94e523f7,mJlfWAMZMlc,,0:16
674c07b279298b8f94e523f8,7ZbVv9NNk0w,naturecomedy,0:10
674c07b479298b8f94e523f9,j9YldWv19KI,today lunch items,0:16
674c07b679298b8f94e523fa,s91FmfvbO9c,yarukkellam palaya soru pidikum,0:17
674c07b979298b8f94e523fb,pp6yZUeS2kU,,0:17
674c07bc79298b8f94e523fc,09uxER5lPQk,good things will happen,0:15
674c07c079298b8f94e523fd,8g3SWOtqYZU,patani gravy,0:20
674c07c379298b8f94e523fe,X17fFg4f3tY,sapaduthan ulagam,0:11
674c07c679298b8f94e523ff,pXuhI0tz2x4,pattani gravy,3:49
674c07c879298b8f94e52400,kVvoFJN9JlI,patani kulambu,0:10
674c07ca79298b8f94e52401,cNmCyL5Trps,pachapayiru salad,0:27
674c07cd79298b8f94e52402,gEeLdToNt18,jackfruit,0:17
674c07ce79298b8f94e52403,8rNzDZblGeg,karupu thirachai     #,0:23
674c07cf79298b8f94e52404,flGp4Wo3loo,goundamani comedy dialogue,0:16
674c07d079298b8f94e52405,_960NTV1LuA,brown dry graphes,0:22
674c07d379298b8f94e52406,od8bDs1h3Uo,cashew  fruits,0:30
674c07d579298b8f94e52407,KNt7YLdqcLo,mangai vathal vathal kulambu,0:38
674c07d879298b8f94e52408,eyhIp_oWuMs,mangai vathal vatha kulambu,3:12
674c07db79298b8f94e52409,B_-VN_LpQrs,dragon fruit milkshake,0:25
674c07dd79298b8f94e5240a,e7B9wg1w_yw,cherry fruit,0:21
674c07df79298b8f94e5240b,wuSAxw1Lnkg,dragon fruit,0:08
674c07e379298b8f94e5240c,odKDLlGObU4,dosai trending vadivelu comedy,0:38
674c07e879298b8f94e5240d,QzhpNaJcffA,trending bajji & bonda comedy,0:19
674c07ea79298b8f94e5240e,rjijLKpc-hg,,0:20
674c07ed79298b8f94e5240f,IhvERzA-rag,yallaikaai,0:43
674c07f079298b8f94e52410,CLw-A8llTXo,,0:28
674c07f379298b8f94e52411,JoNzcr3faAQ,chapathikalli fruit   cactus fruit  lipstick  of chapathikalli fruit,0:24
674c07f579298b8f94e52412,dDMkaWaxUq0,,0:17
674c07f879298b8f94e52413,lbu2mGkFZfk,trending food dialogue  this dialogue,0:15
674c07fa79298b8f94e52414,sO_QuFG1i_0,dry fruits,0:16
674c07fd79298b8f94e52415,GRRyUETcaHo,hair dye,0:34
674c07ff79298b8f94e52416,rO0GoDlNbJ0,badam   fruits     food,0:19
674c080079298b8f94e52417,7Xui55B1oag,paancandy,0:17
674c080379298b8f94e52418,dypvOnsqSbw,vallaithottam,0:29
674c080579298b8f94e52419,3PLsRNYu8i0,Kothamalli chutney,0:13
674c080779298b8f94e5241a,AnX-OLoxvmc,dosai    dialogue,0:17
674c080979298b8f94e5241b,nGBSfCD6v5c,,0:16
674c080b79298b8f94e5241c,xMID0QCG--k,dialogue,0:20
674c080c79298b8f94e5241d,0nc-SfDZAUM,,0:08
674c080e79298b8f94e5241e,CqlyE57-VEg,save agriculture  plant,0:41
674c081079298b8f94e5241f,V8xKQKBAPis,goundamani  comedy,0:18
674c081379298b8f94e52420,ioI2CGWAH84,sembaruthi poo,0:26
674c081779298b8f94e52421,JIgzLkxbMtc,sadidalam vanga,0:15
674c081b79298b8f94e52422,wqdcFR5NTrk,chapathikalli fruit,0:24
674c081d79298b8f94e52423,papyzm0_OTQ,,0:14
674c081f79298b8f94e52424,dR2SSA08pF4,dates,0:14
674c082179298b8f94e52425,sqG90FQiYbU,pomegranate    of pomegranate,0:17
674c082279298b8f94e52426,h7-h1UkRPwA,Banana dates smoothy,0:48
674c082379298b8f94e52427,1UOL_mdAHts,trending,0:14
674c082579298b8f94e52428,6-3mXLWn5uI,dosai,0:16
674c082779298b8f94e52429,YCyuzVxTf8w,senbaham tree   poo,0:19
674c082979298b8f94e5242a,OXcIO6pNrMs,coconut   tree,0:11
674c082a79298b8f94e5242b,NzM5pboTkPU,cat   ponnu,0:31
674c082b79298b8f94e5242c,cpUE85NDE0c,of jackfruit,1:00
674c082c79298b8f94e5242d,UjFaLwwd9wI,Hershey chocolate milkshake,0:24
674c082d79298b8f94e5242e,H8MjOCfQFGM,jackfruit juice,0:19
674c082f79298b8f94e5242f,ek3Y7BSNZZg,sathukudi juice  mosambi juice,0:16
674c083179298b8f94e52430,6L8hQfiXs2c,weight loss remedy      water,0:19
674c083379298b8f94e52431,aeXhKo_wsSY,chocolate     chupachups,0:25
674c083479298b8f94e52432,PVRDVmk-2Ns,pudina rice  pulav,0:24
674c083579298b8f94e52433,WkXq69yrxuA,of nanthiyavattai plant   vaithiyam,0:26
674c083679298b8f94e52434,nP-SfgD9k5Q,seethapazham,0:11
674c083a79298b8f94e52435,DgAyclegU0s,red flower  poo,0:26
674c083d79298b8f94e52436,ZeO9XCjtGGs,seethapazham,0:11
674c083f79298b8f94e52437,UsJLEypvdYM,karpooravalli # benefits of karpooravalli,0:26
674c084279298b8f94e52438,2cp4vujqDRg,goundamani senthil comedy,0:11
674c084579298b8f94e52439,WRL79LeJ3qY,kaldosai  dialogue,0:16
674c084779298b8f94e5243a,JVree_BwxjY,idiyappam,0:09
674c084a79298b8f94e5243b,6y3N5OAlcgA,changing method,0:29
674c084d79298b8f94e5243c,_Qa8Q8Tezvg,,0:15
674c085179298b8f94e5243d,mK5EpJNNngY,food  dialogue,0:12
674c085379298b8f94e5243e,2Hy2kgAbQKk,rasam sadam  potato,0:17
674c085579298b8f94e5243f,7_4Od0rKDFk,pirandai  of pirandai,0:13
674c085779298b8f94e52440,wVXPwRFQqUE,manathakkali keerai poriyal  poriyal   food,0:51
674c085a79298b8f94e52441,O-m2Vb45pWE,adai dosai  samayal,0:15
674c085d79298b8f94e52442,npilWRABkOY,banana  fruit,0:24
674c085e79298b8f94e52443,w0O9d50s0Tg,Mangalore to Coimbatore,0:13
674c086079298b8f94e52444,QOgprExEtfY,passion fruit,0:38
674c086179298b8f94e52445,dl_qszRuLzM,mayil,0:54
674c086279298b8f94e52446,Nl26xKkDmBE,baingan ka bartha,3:17
674c086579298b8f94e52447,RqbSN2ij31E,smoothy,0:31
674c086979298b8f94e52448,KDRl0RpRNG8,vendaikai thuvaiyal,0:20
674c086a79298b8f94e52449,-QXuBIEIT3g,prasadham vs pramadham,0:13
674c086d79298b8f94e5244a,9Jzzjkww13U,homemade hair oil,0:27
674c087079298b8f94e5244b,ROk_SGEIaI8,kamala orange,0:10
674c087279298b8f94e5244c,pTA3qI6Ecdc,brinjal & sundakkai kulambu,1:01
674c087579298b8f94e5244d,T-Y8QPJ0myI,food trending,0:18
674c087979298b8f94e5244e,bcOPHIElx08,pomegranate,0:07
674c087a79298b8f94e5244f,3f4CinyG0w4,Vennila milk shake,0:23
674c087f79298b8f94e52450,VI6P54QQVHk,abc juice,0:33
674c088279298b8f94e52451,aXMo658Hkfg,wild passion fruit plant,0:12
674c088479298b8f94e52452,zwYIKDPJx6Y,aruhampull  of aruhampull,0:22
674c088779298b8f94e52453,8Trv_avePoQ,saapadu alaparigal,0:14
674c088979298b8f94e52454,ddyQDb7ar8c,trending Pappas vs appa  comedy alaparigal,0:11
674c088b79298b8f94e52455,Rf3owa_1-h8,pomegranate,0:19
674c088c79298b8f94e52456,HlUxeXQ_W7g,passion fruit,0:19
674c088d79298b8f94e52457,jwb3AxzYRdk,peanut    food,0:15
674c088f79298b8f94e52458,3RgSj8OlNHE,dosai physco,0:18
674c089079298b8f94e52459,21Odre4iCC0,potato kuruma,0:25
674c089179298b8f94e5245a,VPDDl2urX_k,muddakkathan keerai poriyal,2:23
674c089279298b8f94e5245b,OD-3-nPTr0M,poliyana valkai  ulagam  nirantha valkai,0:16
674c089479298b8f94e5245c,HBVbESdO4aI,muddakkathan keerai poriyal,0:27
674c089879298b8f94e5245d,BhQSWvyPg6Y,cooking versus planning,0:11
674c089979298b8f94e5245e,pf0wnT_9tW4,muddakkathan keerai  of muddakkathan keerai,0:21
674c089b79298b8f94e5245f,IEQxeHjJ4ME,coffee filter using for filter coffee   label  coffee,0:50
674c089e79298b8f94e52460,zYbDz5kkfww,fridge comedy,0:12
674c08a079298b8f94e52461,tfogc1AnRZw,boli,0:16
674c08a279298b8f94e52462,28wl84REstM,kuppaimeni keerai kadaisal kuppaimenireceipe,0:41
674c08a579298b8f94e52463,8WmREWSStfM,kuppaimeni keerai Kadaisal,4:08
674c08a879298b8f94e52464,G_ZEB1-2Dbk,kuppaimeni keerai  of kuppaimeni,0:37
674c08aa79298b8f94e52465,EPMmUWTr_F0,,0:12
674c08ac79298b8f94e52466,45UvP911NXw,mullai poo  poo pothasolai song # mullai plant,0:43
674c08af79298b8f94e52467,bsVS4t2SNYY,sundakkai kuzhambu,0:25
674c08b379298b8f94e52468,4t8foRu9U1E,tulasi plant  of tulasi  vaithiyam,0:25
674c08b579298b8f94e52469,ALOAk5N2kQ4,murungakeerai thanni saru  leaf,0:23
674c08b879298b8f94e5246a,gj4S88tPCAs,coconut rice milk pulav,0:26
674c08b979298b8f94e5246b,AM1dU0OUmL8,mango leaves   of mango leaves,0:31
674c08bd79298b8f94e5246c,BqtIL1KRwjI,thuthuvalai plant,0:24
674c08bf79298b8f94e5246d,K2Z_UUVYTes,coconut milk rice pulav,2:35
674c08c279298b8f94e5246e,fqPlAvezYAs,Aliya laika song  movie,1:01
674c08c479298b8f94e5246f,oE_RtdfnVPU,oh ringa ringa,1:01
674c08c879298b8f94e52470,HTcsSvzDBl8,,0:08
674c08ca79298b8f94e52471,GQOvqQAuirY,kerala appalam,0:13
674c08cc79298b8f94e52472,aZWq3_BiG2E,,0:16
674c08ce79298b8f94e52473,ta1ErcyRCIY,potato  kuruma,3:48
674c08cf79298b8f94e52474,gcLb-qXE5X0,plant,0:38
674c08d079298b8f94e52475,72Hgupr1DW0,,0:45
674c08d179298b8f94e52476,DpOzuLKBxYk,Katrazhai    vaithiyam,0:32
674c08d379298b8f94e52477,IZ2w4MbZlWM,rambutan,0:12
674c08d579298b8f94e52478,xU8x_1Twhx4,guess what?,0:19
674c08d779298b8f94e52479,fACHSQxDcN8,murungakeerai thanni saru  kazhani saru # murungakeerai,3:50
674c08da79298b8f94e5247a,NCZH9eGdwMM,"of vetriillai  vaithiyam  like,share, comments & subscribe",0:26
674c08dc79298b8f94e5247b,Mtz-MPRGQFU,"bread upma  receipe  like,share, comments & subscribe",0:16
674c08de79298b8f94e5247c,9KVSIF8GGO4,"mayil  jathi mullai  like,share, comments & subscribe",0:31
674c08df79298b8f94e5247d,6uuEHcUiDp8,"curry leaves    of curry leaves  like,share, comments & subscribe",0:29
674c08e079298b8f94e5247e,1CtX1qjij6c,save agriculture,0:18
674c08e179298b8f94e5247f,-plPikzE_IU,jeera rice  receipe,4:14
674c08e379298b8f94e52480,xYqUfOyE7BM,sundakkai kulambu  receipe,0:21
674c08e479298b8f94e52481,o7nASTYCZ94,,0:11
674c08e779298b8f94e52482,zGGu-2o99qw,5,0:11
674c08e979298b8f94e52483,IUeyEhYK0cU,,0:10
674c08eb79298b8f94e52484,X2eDO4GEjc8,# dinner,0:10
674c08ec79298b8f94e52485,cOVTFrRReIc,"# shorts like,share, comments & subscribe",0:29
674c08ed79298b8f94e52486,mQ_qrmv2ctI,cauliflower poriyal  receipe,0:23
674c08ee79298b8f94e52487,drGeJFQh6yk,bread sandwich,3:25
674c08f179298b8f94e52488,E0zhSgmmlqs,sundakkai kuzhambu,3:47
674c08f479298b8f94e52489,_F5SqOiw138,sundakkai plant,0:16
674c08f679298b8f94e5248a,RuS6UypWbCE,trending rasam,0:19
674c08f979298b8f94e5248b,ajka4Pg2j9k,"like,share, comments & subscribe",0:12
674c08fb79298b8f94e5248c,KDzBLuX2WQU,cauliflower poriyal  receipe,3:26
674c08fe79298b8f94e5248d,XoCaT_gxXxE,"trending juice comedy  like, share comments & subscribe",0:09
674c090079298b8f94e5248e,HhN98VxAIWI,"like, share, comments & subscribe",0:16
674c090279298b8f94e5248f,3gtD2fKYdD4,"mullaioo #  poo garland   like, share, comments & subscribe",0:24
674c090579298b8f94e52490,noH42U7u0SQ,"lemon juice    like, share, comments & subscribe",0:15
674c090879298b8f94e52491,l0aYefSFJ-o,"thangaarali plant  plant  like,share, comments & subscribe",0:23
674c090c79298b8f94e52492,ZZlI7jpxSHo,"vellerukku plant   like,share, & subscribe",0:14
674c090f79298b8f94e52493,j1wEB354Cbw,"murungakeerai flower poriyal    like, share, comments & subscribe",0:06
674c091179298b8f94e52494,ThTrMeolwbw,"murungaflower   like , share, comments & subscribe",0:16
674c091479298b8f94e52495,0ydI5KctYGk,murungapoo,2:16
674c091679298b8f94e52496,yGFnoHBXNyI,carrot  beetroot rice,3:37
674c091879298b8f94e52497,iHOwq6ZQJ8o,"pojaiketha povithu   like,share,comments & subscribe",0:44
674c091a79298b8f94e52498,9DYLmk1E4Nw,"pachapayiru kadaisal  full video link in description like,share, comments & subscribe",0:13
674c091c79298b8f94e52499,HWbzvRQ7UhE,pachapayiru sundal    full video link in description pls subscribe,0:10
674c091e79298b8f94e5249a,JYTKhYrH91Q,"mulaikatiya pachapayiru sundal    like, share, comments  & subscribe",1:54
674c092079298b8f94e5249b,T16-tXdANew,"arali poo  poova poove  like,share, comments & subscribe",0:59
674c092379298b8f94e5249c,sxROgrHWqjs,"sembaruthi poo  of sembaruthi poo like,share, comments & subscribe",0:09
674c092679298b8f94e5249d,N3ds36tg_hs,"maruthani  like,share, comments & subscribe",0:32
674c092979298b8f94e5249e,G-vkQwxtHuE,"mulambazham juice    like,share, comments & subscribe",0:16
674c092c79298b8f94e5249f,bbz49HwrcXo,sembaruthi poo,0:49
674c092e79298b8f94e524a0,Bn8FhoEosmo,"pachapayiru kadaisal  receipe   like,share, comments &subscribe",2:36
674c093079298b8f94e524a1,41yxjC9RkhU,mudavattukkal kilangu soup,0:31
674c093479298b8f94e524a2,OGL3QxCNhsY,"jackfruit with honey   like,share, comments & subscribe",0:29
674c093679298b8f94e524a3,0ut94DE0dwk,"like, share, comments & subscribe",0:26
674c093979298b8f94e524a4,QBPaU9mRkfc,"like,share,comment & subscribe",0:11
674c093b79298b8f94e524a5,LODH-iSwFX8,"juice   like , share,comment &subscribe",0:08
674c093e79298b8f94e524a6,UnTH2cHGs_U,"like,share & subscribe",0:15
674c094179298b8f94e524a7,HflVYxO94FY,"gobi65  receipe       like,share & subscribe",0:15
674c094579298b8f94e524a8,4cZR8UXoLDw,"gingertea       like,share & subscribe",0:14
674c094679298b8f94e524a9,lgArbkljh9w,coconut with jaggery receipe,0:15
674c094979298b8f94e524aa,BOGBz-syfDM,"trending tea shorts   like, share & subscribe",0:11
674c094d79298b8f94e524ab,8NiU_CSKSqs,,0:19
674c094f79298b8f94e524ac,Rzi2Whkps3s,kovakkai receipe,0:09
674c095079298b8f94e524ad,a5AVXb7s1GA,"like,share & subscribe",0:10
674c095479298b8f94e524ae,jyTwpWi9NAQ,murungakeerai adai        food,0:28
674c095579298b8f94e524af,zcWJnUwWoC0,coffee,0:14
674c095879298b8f94e524b0,xXU5pMKFkuU,mushroom gravy  gravy,0:11
674c095979298b8f94e524b1,HMGFUBjEMho,dinner,0:13
674c095d79298b8f94e524b2,HpZmQIT7baY,"ParupuKari     like,share, comments & subscribe",0:07
674c096079298b8f94e524b3,66d8y4cZJRc,"sambaram       like,share & subscribe",0:20
674c096279298b8f94e524b4,sgevgJF_8-k,"like,share & subscribe",0:28
674c096479298b8f94e524b5,N_9CcKV-zhk,"honey     liked, share & subscribe",0:12
674c096679298b8f94e524b6,J_K-D7kEvl8,"snacks        like,share & subscribe",0:18
674c096979298b8f94e524b7,f63ldKmSVFA,of ragi  snacks,0:14
674c096b79298b8f94e524b8,xDJ3_V88m-I,pinkpasta,0:16
674c096e79298b8f94e524b9,tuig7gw1POs,trendingvideo,0:11
674c097279298b8f94e524ba,KvEYK4gzXeY,"kothavarangai poriyal  of kothavarangai   receipe like,share, comments subsc",0:11
674c097479298b8f94e524bb,SekV3NrlPwU,sambar   of sambar  receipe,0:10
674c097779298b8f94e524bc,QjrfQ-_mJDA,cut1tree plant 2 trees  trees bring rain,0:30
674c097979298b8f94e524bd,P0GXtyetoQ8,carrot juice,0:11
674c097c79298b8f94e524be,9mqdUXVrUNA,receipe   receipe,0:26
674c097e79298b8f94e524bf,Q9KSe_y-QLw,#      food  receipe,0:23
674c098079298b8f94e524c0,cbLuaJNnhxM,coffee,0:08
674c098379298b8f94e524c1,6vuaRdrXgOk,fruitsforgoodhealth,0:12
674c098679298b8f94e524c2,yfANVfOg0Zw,chutney   food,0:10
674c098979298b8f94e524c3,ToJPxGQ4ZOw,,0:18
674c098d79298b8f94e524c4,Ulby_ja5hLk,"like,share & subscribe",0:12
674c098f79298b8f94e524c5,sZQKrkmKIhA,neeraharam   food  receipe,0:13
674c099179298b8f94e524c6,_4JiQfFAVko,kalanthasadam,0:18
674c099379298b8f94e524c7,o8eT6ktLV-E,"lunchitems     like,share & subscribe",0:11
674c099679298b8f94e524c8,pcfu6_9yf-M,mangai thokku,0:19
674c099a79298b8f94e524c9,0FeqEy7OIbE,palakaiporiyal,0:16
674c099c79298b8f94e524ca,PO8y7K9Ib3g,rawmangopickle,0:32
674c099e79298b8f94e524cb,KpoX-pOYfM4,papaya,0:32
674c09a079298b8f94e524cc,0amjlBMM4VE,sambal,0:25
674c09a179298b8f94e524cd,2Igbc1oOeRk,"idiyappam       like,share, comments & subscribe",0:20
674c09a279298b8f94e524ce,eKPnWkBsadA,palayasoru,0:29
674c09a479298b8f94e524cf,qd2KTToV5kM,murungakeeraiparuppukuzhambu,0:43
674c09a679298b8f94e524d0,Ca4aYAHijJo,peacock       lover,1:01
674c09a779298b8f94e524d1,-urjl1Wd4q4,sambar,1:01
674c09aa79298b8f94e524d2,0pWijFA5H74,mangopachadi,0:33
674c09ad79298b8f94e524d3,iJSOPAseIB4,guavacutting,0:34
674c09b079298b8f94e524d4,Lr2aTCsYYes,kalanthappam     recipe,0:45
674c09b379298b8f94e524d5,uTJHj9uYV3E,tryoutverydifferentporiyal     poriyal,0:33
674c09b679298b8f94e524d6,Y7IuLZMcoMM,mango slices,0:23
674c09ba79298b8f94e524d7,_Cd9Lte1-PA,guesswhat?,0:17
674c09bd79298b8f94e524d8,cvIwFLyIMp4,koyyachutney,0:14
674c09bf79298b8f94e524d9,Iu6d7w-bWek,"dairymilkicecream       like,share, comments subscribe",0:31
674c09c079298b8f94e524da,Ihu72iZnpfw,plums,0:08
674c09c279298b8f94e524db,zN-r_RpMG3k,brinjalpotato,0:45
674c09c679298b8f94e524dc,AskrgVBm-WA,parupukadaisal,0:18
674c09ca79298b8f94e524dd,KrFaEOJnn1w,rasamwithmyv3add rasapodi  jeerarasam  rasam,0:50
674c09cc79298b8f94e524de,YTN_xRacwRo,carrotchutneyl,0:22
674c09cf79298b8f94e524df,XpwtI7YOR0U,whitebiriyani,0:41
674c09d279298b8f94e524e0,ASvhc4VDiX4,homemadeoreomilkshake,0:14
674c09d479298b8f94e524e1,u6BdQXKjm4w,,0:24
674c09d579298b8f94e524e2,ZRbKUbSs6cw,,0:19
674c09d879298b8f94e524e3,-bFH0TbEVSc,Konguvarietyrice,0:43
674c09da79298b8f94e524e4,SshW9qnV6eM,murungakeeraireceipe,1:01
674c09dd79298b8f94e524e5,hnstkkceT8k,karinkaliyalle,0:16
674c09de79298b8f94e524e6,uqR4-N0MDlo,"kichdi        like,share, comments & subscribe",1:00
674c09e079298b8f94e524e7,rXvjMA4EOOQ,mushroombiriyani,1:01
674c09e279298b8f94e524e8,0pzSWwhMvy0,bisibelebath,1:01
674c09e479298b8f94e524e9,AP8oVRsZEh8,jamunfruit,0:19
674c09e779298b8f94e524ea,_TSNxeEltQw,Kaarakuzhambu,1:01
674c09ea79298b8f94e524eb,kOEoBDJIoHM,kovakkai,1:01
674c09ec79298b8f94e524ec,MJzAx0VzovI,flower,0:19
674c09ef79298b8f94e524ed,k0oYEdTR6qM,jeerarice,0:13
674c09f179298b8f94e524ee,HedEfoJ4ijM,garden,0:20
674c09f379298b8f94e524ef,puzKKPNdNsc,jojojosong,0:26
674c09f579298b8f94e524f0,AISMcKsYhzA,discodisco,0:26
674c09f779298b8f94e524f1,XoMHuVm4r_8,homemadekulfi,0:16
674c09fa79298b8f94e524f2,SjiosboSByc,palakkaibiryani,0:16
674c09fd79298b8f94e524f3,UyRLogy-hQU,yimmyyimmy,0:16
674c0a0079298b8f94e524f4,hbSG1JJLBuI,illuminati,0:26
674c0a0379298b8f94e524f5,TfTytClXluM,kalyanivachhavachha,0:25
674c0a0879298b8f94e524f6,mUpioyjgatg,achacho,0:24
674c0a0a79298b8f94e524f7,-6nW3cd5BZ4,achacho,0:16
674c0a0c79298b8f94e524f8,vRzRGfPieLs,kokkarakokkarakko,0:16
674c0a0f79298b8f94e524f9,8EIWHytQyzs,tengetengesong,0:16
674c0a1079298b8f94e524fa,EWnliLjTCAs,aadiwasi,0:16
674c0a1379298b8f94e524fb,8PKqhYmN7Z8,rangurakkara,0:16
674c0a1379298b8f94e524fc,wE-Eg61L2mM,mormohni,0:25
674c0a1479298b8f94e524fd,Z4w-083mFwA,kavala,0:32
674c0a1779298b8f94e524fe,ZtQUse6gR-8,kurchimadthapeti,0:23
674c0a1979298b8f94e524ff,wF6B29CxIOY,chammakchallo,0:16
674c0a1b79298b8f94e52500,YMiFNbh7UF4,yalile,0:16
674c0a1d79298b8f94e52501,HE9IwNq-TSA,taking about my father and mother,0:16
674c0a2079298b8f94e52502,zDo-TrHRACU,paisaa   new,0:16
674c0a2379298b8f94e52503,eg1nZeMlMrQ,jigarthandamaamaduraisong,0:16
674c0a2679298b8f94e52504,w4kLeUifunA,morumoruroastthosai,0:18
